<?xml version="1.0" encoding="UTF-8" ?>

<Humor_Annotation_COSI140_v1.0.1>
<TEXT><![CDATA[651253441868771328	In space, no one can see your meme. #NewSpaceFacts @midnight	1
651248544112766976	On Jupiter, Donald Trump is 317.828 times more racist than on Earth #NewSpaceFacts @midnight	2
651258462806999040	Orion's belt is made of real leather #NewSpaceFacts @midnight	1
651245897045667840	Shooting stars are just aliens who forgot their anniversaries and have to beat closing time at the florist.   #NewSpaceFacts @midnight	1
651248628598706176	Spacesplaining is gonna get Earth trolled by Aliens. #NewSpaceFacts @midnight	1
651246758455025664	The Milky Way is the Universe's Florida #NewSpaceFacts @midnight	1
651282146158444544	The crab nebula contains imitation crab. #NewSpaceFacts @midnight	1
651239225254244352	Uranus is 4 times bigger than the Earth, but if it worked at it, it could be tighter. #NewSpaceFacts @midnight	1
651239619564957697	No one can hear you vape in space #NewSpaceFacts @midnight	1
651251708903817216	My closet doesn't have enough of it #NewSpaceFacts @midnight	1]]></TEXT>
<TAGS>
<tweet id="tweet0" spans="0~18" text="651253441868771328"  />
<tweet id="tweet1" spans="82~100" text="651248544112766976"  />
<tweet id="tweet2" spans="196~214" text="651258462806999040"  />
<tweet id="tweet3" spans="279~297" text="651245897045667840"  />
<tweet id="tweet4" spans="435~453" text="651248628598706176"  />
<tweet id="tweet5" spans="534~552" text="651246758455025664"  />
<tweet id="tweet6" spans="620~638" text="651282146158444544"  />
<tweet id="tweet7" spans="707~725" text="651239225254244352"  />
<tweet id="tweet8" spans="839~857" text="651239619564957697"  />
<tweet id="tweet9" spans="919~937" text="651251708903817216"  />
<Insult id="ISLT0" spans="-1~-1" text="" notes="Implying Donald Trump is racist" />
<Insult id="ISLT2" spans="-1~-1" text="" notes="Speaker is insulting the addressee for vaping" />
<Insult id="ISLT1" spans="-1~-1" text="" notes="Earth is vulnerable to trolling bc it&apos;s backwards for &quot;spacesplaining&quot;" />
<Observational id="OBSV0" spans="-1~-1" text="" notes="Referencing how Florida is considered a uniquely bad part of the United States" />
<Observational id="OBSV2" spans="-1~-1" text="" notes="Referencing Jupiter&apos;s gravity" />
<Wordplay id="WPLY0" spans="-1~-1" text="" notes="Wordplay with the phrase/quote &quot;In space, no one can hear you scream&quot;" />
<Wordplay id="WPLY2" spans="-1~-1" text="" notes="Wordplay between crab (the animal) and crab (the food)" />
<Wordplay id="WPLY3" spans="-1~-1" text="" notes="&quot;Uranus&quot; / &quot;Your Anus&quot; wordplay" />
<Wordplay id="WPLY4" spans="-1~-1" text="" notes="Wordplay between outer space and storage/closet space" />
<Wordplay id="WPLY5" spans="-1~-1" text="" notes="Wordplay with the phrase/quote &quot;In space, no one can hear you scream&quot;" />
<Wordplay id="WPLY1" spans="-1~-1" text="" notes="Belt as analogy for constellation component vs belt as in clothing item" />
<Wordplay id="WPLY6" spans="-1~-1" text="" notes="spacesplaining from presumably mansplaining" />
<Vulgarity id="VLGR0" spans="-1~-1" text="" notes="Goes above and beyond typical Uranus pun by talking about a more immediate/graphic attribute of the anus" />
<Absurdism id="ABSD0" spans="-1~-1" text="" notes="Orion&apos;s Belt is part of a constellation, so the idea that it would be a real belt made of leather is absurd" />
<Absurdism id="ABSD1" spans="-1~-1" text="" notes="Analogy that uses the comedic form &quot;X are jus Y that Z&quot; which does not correspond to prexisting notions of stars or aliens in common understanding" />
<Absurdism id="ABSD2" spans="-1~-1" text="" notes="Comparing two completely different categories of substance as if they are comparable" />
<Humor id="H0" fromID="tweet0" fromText="651253441868771328" toID="WPLY0" toText="" />
<Humor id="H1" toID="ISLT0" toText="" fromID="tweet1" fromText="651248544112766976" />
<Humor id="H2" fromID="tweet5" fromText="651246758455025664" toID="OBSV0" toText="" />
<Humor id="H3" toID="WPLY3" toText="" fromID="tweet7" fromText="651239225254244352" />
<Humor id="H4" fromID="tweet2" fromText="651258462806999040" toID="ABSD0" toText="" />
<Humor id="H5" fromID="tweet6" fromText="651282146158444544" toID="WPLY2" toText="" />
<Humor id="H7" fromID="tweet9" fromText="651251708903817216" toID="WPLY4" toText="" />
<Humor id="H8" fromID="tweet1" fromText="651248544112766976" toID="OBSV2" toText="" />
<Humor id="H9" fromID="tweet8" fromText="651239619564957697" toID="WPLY5" toText="" />
<Humor id="H6" fromID="tweet2" fromText="651258462806999040" toID="WPLY1" toText="" />
<Humor id="H10" fromID="tweet3" fromText="651245897045667840" toID="ABSD1" toText="" />
<Humor id="H11" fromID="tweet4" fromText="651248628598706176" toID="ISLT1" toText="" />
<Humor id="H12" fromID="tweet4" fromText="651248628598706176" toID="WPLY6" toText="" />
<Humor id="H13" fromID="tweet6" fromText="651282146158444544" toID="ABSD2" toText="" />
<Humor id="H14" fromID="tweet7" fromText="651239225254244352" toID="VLGR0" toText="" />
</TAGS>
</Humor_Annotation_COSI140_v1.0.1>