<?xml version="1.0" encoding="UTF-8" ?>

<Humor_Annotation_COSI140_v1.0.1>
<TEXT><![CDATA[649788514066821120	Pie-ly Cyrus #Pizzalebrities @midnight	1
650046929045450753	Jackie Chan Tossed #Pizzalebrities @midnight	0
650067587267710976	@midnight Notorious Chef-B.I.G. #Pizzalebrities	0
650065349673529344	The Pope of Pepperoni #Pizzalebrities @midnight Twisted Pizza Provincetown http://t.co/2Q6dBjSHPd	0
650042186264805376	@midnight #Pizzalebrities Robert Doughy Jr.	0
650049315012935680	Kevin Canadian Bacon #Pizzalebrities @midnight	0
650060274901192704	Pepperoni Clooney #Pizzalebrities @midnight	0
650040780074016768	Mathew Peri-Peri. #Pizzalebrities @midnight	0
650063957760212992	Charlize Calzone @midnight  #Pizzalebrities	0
650027328404217856	@midnight @SklarBrothers @sarahtiana #Pizzalebrities  Weird Al Anchovies http://t.co/3lUNxwWmgv	0
650039776414863360	Italena Headey. #Pizzalebrities @midnight	0
650050023997108224	Ham &amp; Pineapple on whole WilWheaton #Pizzalebrities  @midnight	0
650064857941733376	@midnight #Pizzalebrities  Wil Wheatcrust	0
650041642448064512	Crustopher Nolan. #Pizzalebrities @midnight	0
650059269304393728	You know @midnight will always deliver. #Pizzalebrities @SklarBrothers http://t.co/BHCEtgQicB http://t.co/mGhXGgfvyj	0
650048983973236736	Bon Chovy #Pizzalebrities @midnight	0
650028792686223360	@midnight Fats Dominoes delivers in 30 minutes or less. #Pizzalebrities	0
650047447213953024	Slice Stallone #Pizzalebrities @midnight	0
649791075574530048	Andrew Slice Clay @midnight #Pizzalebrities	2
650048700769697792	What do you want on your TombStone Cold Steve Austin #Pizzalebrities  @midnight	0
649789053240410112	Papa John's Faverau  #Pizzalebrities @midnight	1
649788724495060992	Sylvester Calzone #Pizzalebrities @midnight	1
650050568375955457	Ethan Hawaiian #Pizzalebrities @Midnight	0
650071130905055232	Whitney Toppings #Pizzalebrities @midnight	0
650060831707676673	Mozart rella #Pizzalebrities @midnight	0
650028445645283329	@midnight Papa Johns Cusak #Pizzalebrities	0
650032483006869504	A pizza w Taylor ham and Swift cheese #Pizzalebrities @midnight	0
650025546064072704	@midnight #Pizzalebrities Italian Sausage and Olive Barrymore Kopelman	0
650032125241110528	@midnight Dan Ak-Noid #Pizzalebrities	0
650044358713077760	Kevinadian Bacon #Pizzalebrities @midnight	0
650045360463712256	@midnight It's not delivery, it's DeNiro #Pizzalebrities http://t.co/tEmmIYofbA	0
650065425045131266	Don Garlic Knots.  @midnight #Pizzalebrities	1
650059569364774913	Sandra Bullockoni &amp; Spinach #Pizzalebrities @midnight	0
650068745466064897	Biggy Smalls Slice @midnight #Pizzalebrities	0
650051382788100096	Alan Thicke Crust  #Pizzalebrities @Midnight	1
650059866619297792	Pepperoni Damon #Pizzalebrities @midnight	0
650029430530834432	Anthony Wiener-stuffed-pizza #Pizzalebrities @midnight	0
650056860431609856	@midnight Olive R Pratt #Pizzalebrities	0
650067147289333760	Jesus Crust #Pizzalebrities @midnight	0
650038281162219520	Kevin Take-and-Bacon #Pizzalebrities @midnight	0
650072973857067009	Quentin Taratotino's Pizza Rolls #Pizzalebrities @midnight	0
650061314925166592	I didn't order Snoop Lion Sausage &amp; Anne Hechovies no.!! don't Return it!! #Pizzalebrities @midnight	0
649791440537518080	It's not delivery, it's DeVito's @midnight  #Pizzalebrities	1
649820085595455488	Steve Glutenberg Free Crust #Pizzalebrities @midnight	1
650041487560863744	Crustian Bale. #Pizzalebrities @midnight	0
650040342872326144	Jackie Pan Pizza. #Pizzalebrities @midnight	0
650073228929425408	Jon daily deals #Pizzalebrities @midnight	0
649794037113819136	Personal Pan Aykroyd #Pizzalebrities @midnight	1
650047715854929920	Guttenberg-Free Crust #Pizzalebrities @midnight	0
650064126257991680	Kim Jong Onion #Pizzalebrities @midnight	0
650049753003126784	Benedict Cucumber-Batch  #Pizzalebrities @midnight	0
650067389422379008	.@midnight Jabba The Pizza Hut #Pizzalebrities	0
650073698930696192	Sgt. Red Pepper's Lonely Stuffed Crust Band #Pizzalebrities @midnight	0
650040278238130176	Oregano Bloom. #Pizzalebrities @midnight	0
650045645282107392	@midnight Harrison Fourdcheese Pizza #Pizzalebrities http://t.co/XCzeid1S81	0
650063694731177984	Papa John Slattery @midnight #Pizzalebrities	0
650064285570199552	Jennifer Meat Lovers Hewitt @midnight #Pizzalebrities	0
649793019705737216	Bon Anjovies  #Pizzalebrities @midnight	1
650030503823708160	Rick-otta Astley @midnight #Pizzalebrities	0
]]></TEXT>
<TAGS>
<tweet id="tweet0" spans="0~18" text="649788514066821120"  />
<tweet id="tweet1" spans="60~78" text="650046929045450753"  />
<tweet id="tweet2" spans="126~144" text="650067587267710976"  />
<tweet id="tweet3" spans="195~213" text="650065349673529344"  />
<tweet id="tweet4" spans="314~332" text="650042186264805376"  />
<tweet id="tweet5" spans="379~397" text="650049315012935680"  />
<tweet id="tweet6" spans="447~465" text="650060274901192704"  />
<tweet id="tweet7" spans="512~530" text="650040780074016768"  />
<tweet id="tweet8" spans="577~595" text="650063957760212992"  />
<tweet id="tweet9" spans="642~660" text="650027328404217856"  />
<tweet id="tweet10" spans="759~777" text="650039776414863360"  />
<tweet id="tweet11" spans="822~840" text="650050023997108224"  />
<tweet id="tweet12" spans="910~928" text="650064857941733376"  />
<tweet id="tweet13" spans="973~991" text="650041642448064512"  />
<tweet id="tweet14" spans="1038~1056" text="650059269304393728"  />
<tweet id="tweet15" spans="1176~1194" text="650048983973236736"  />
<tweet id="tweet16" spans="1233~1251" text="650028792686223360"  />
<tweet id="tweet17" spans="1326~1344" text="650047447213953024"  />
<tweet id="tweet18" spans="1388~1406" text="649791075574530048"  />
<tweet id="tweet19" spans="1453~1471" text="650048700769697792"  />
<tweet id="tweet20" spans="1554~1572" text="649789053240410112"  />
<tweet id="tweet21" spans="1622~1640" text="649788724495060992"  />
<tweet id="tweet22" spans="1687~1705" text="650050568375955457"  />
<tweet id="tweet23" spans="1749~1767" text="650071130905055232"  />
<tweet id="tweet24" spans="1813~1831" text="650060831707676673"  />
<tweet id="tweet25" spans="1873~1891" text="650028445645283329"  />
<tweet id="tweet26" spans="1937~1955" text="650032483006869504"  />
<tweet id="tweet27" spans="2022~2040" text="650025546064072704"  />
<tweet id="tweet28" spans="2114~2132" text="650032125241110528"  />
<tweet id="tweet29" spans="2173~2191" text="650044358713077760"  />
<tweet id="tweet30" spans="2237~2255" text="650045360463712256"  />
<tweet id="tweet31" spans="2338~2356" text="650065425045131266"  />
<tweet id="tweet32" spans="2404~2422" text="650059569364774913"  />
<tweet id="tweet33" spans="2483~2501" text="650068745466064897"  />
<tweet id="tweet34" spans="2549~2567" text="650051382788100096"  />
<tweet id="tweet35" spans="2615~2633" text="650059866619297792"  />
<tweet id="tweet36" spans="2678~2696" text="650029430530834432"  />
<tweet id="tweet37" spans="2754~2772" text="650056860431609856"  />
<tweet id="tweet38" spans="2815~2833" text="650067147289333760"  />
<tweet id="tweet39" spans="2874~2892" text="650038281162219520"  />
<tweet id="tweet40" spans="2942~2960" text="650072973857067009"  />
<tweet id="tweet41" spans="3022~3040" text="650061314925166592"  />
<tweet id="tweet42" spans="3148~3166" text="649791440537518080"  />
<tweet id="tweet43" spans="3229~3247" text="649820085595455488"  />
<tweet id="tweet44" spans="3304~3322" text="650041487560863744"  />
<tweet id="tweet45" spans="3366~3384" text="650040342872326144"  />
<tweet id="tweet46" spans="3431~3449" text="650073228929425408"  />
<tweet id="tweet47" spans="3494~3512" text="649794037113819136"  />
<tweet id="tweet48" spans="3562~3580" text="650047715854929920"  />
<tweet id="tweet49" spans="3631~3649" text="650064126257991680"  />
<tweet id="tweet50" spans="3693~3711" text="650049753003126784"  />
<tweet id="tweet51" spans="3765~3783" text="650067389422379008"  />
<tweet id="tweet52" spans="3833~3851" text="650073698930696192"  />
<tweet id="tweet53" spans="3924~3942" text="650040278238130176"  />
<tweet id="tweet54" spans="3986~4004" text="650045645282107392"  />
<tweet id="tweet55" spans="4083~4101" text="650063694731177984"  />
<tweet id="tweet56" spans="4149~4167" text="650064285570199552"  />
<tweet id="tweet57" spans="4224~4242" text="649793019705737216"  />
<tweet id="tweet58" spans="4285~4303" text="650030503823708160"  />
<Observational id="OBSV0" spans="-1~-1" text=""  />
<Observational id="OBSV1" spans="-1~-1" text=""  />
<Observational id="OBSV2" spans="-1~-1" text=""  />
<Observational id="OBSV3" spans="-1~-1" text=""  />
<Observational id="OBSV4" spans="-1~-1" text=""  />
<Observational id="OBSV5" spans="-1~-1" text=""  />
<Observational id="OBSV6" spans="-1~-1" text=""  />
<Observational id="OBSV7" spans="-1~-1" text=""  />
<Observational id="OBSV8" spans="-1~-1" text=""  />
<Observational id="OBSV9" spans="-1~-1" text=""  />
<Observational id="OBSV10" spans="-1~-1" text=""  />
<Observational id="OBSV11" spans="-1~-1" text=""  />
<Observational id="OBSV12" spans="-1~-1" text=""  />
<Observational id="OBSV13" spans="-1~-1" text=""  />
<Observational id="OBSV14" spans="-1~-1" text=""  />
<Observational id="OBSV15" spans="-1~-1" text=""  />
<Observational id="OBSV16" spans="-1~-1" text=""  />
<Observational id="OBSV17" spans="-1~-1" text=""  />
<Observational id="OBSV18" spans="-1~-1" text=""  />
<Observational id="OBSV19" spans="-1~-1" text=""  />
<Observational id="OBSV20" spans="-1~-1" text=""  />
<Observational id="OBSV21" spans="-1~-1" text=""  />
<Observational id="OBSV22" spans="-1~-1" text=""  />
<Observational id="OBSV23" spans="-1~-1" text=""  />
<Observational id="OBSV24" spans="-1~-1" text=""  />
<Observational id="OBSV25" spans="-1~-1" text=""  />
<Observational id="OBSV26" spans="-1~-1" text=""  />
<Observational id="OBSV27" spans="-1~-1" text=""  />
<Observational id="OBSV28" spans="-1~-1" text=""  />
<Observational id="OBSV29" spans="-1~-1" text=""  />
<Observational id="OBSV30" spans="-1~-1" text=""  />
<Observational id="OBSV31" spans="-1~-1" text=""  />
<Observational id="OBSV32" spans="-1~-1" text=""  />
<Observational id="OBSV33" spans="-1~-1" text=""  />
<Observational id="OBSV34" spans="-1~-1" text=""  />
<Observational id="OBSV35" spans="-1~-1" text=""  />
<Observational id="OBSV36" spans="-1~-1" text=""  />
<Observational id="OBSV37" spans="-1~-1" text=""  />
<Observational id="OBSV38" spans="-1~-1" text=""  />
<Observational id="OBSV39" spans="-1~-1" text=""  />
<Observational id="OBSV40" spans="-1~-1" text=""  />
<Observational id="OBSV41" spans="-1~-1" text=""  />
<Observational id="OBSV42" spans="-1~-1" text=""  />
<Observational id="OBSV43" spans="-1~-1" text=""  />
<Observational id="OBSV44" spans="-1~-1" text=""  />
<Observational id="OBSV45" spans="-1~-1" text=""  />
<Observational id="OBSV46" spans="-1~-1" text=""  />
<Observational id="OBSV47" spans="-1~-1" text=""  />
<Observational id="OBSV48" spans="-1~-1" text=""  />
<Observational id="OBSV49" spans="-1~-1" text=""  />
<Observational id="OBSV50" spans="-1~-1" text=""  />
<Observational id="OBSV51" spans="-1~-1" text=""  />
<Observational id="OBSV52" spans="-1~-1" text=""  />
<Observational id="OBSV53" spans="-1~-1" text=""  />
<Observational id="OBSV54" spans="-1~-1" text=""  />
<Observational id="OBSV55" spans="-1~-1" text=""  />
<Observational id="OBSV56" spans="-1~-1" text=""  />
<Wordplay id="WPLY0" spans="-1~-1" text=""  />
<Wordplay id="WPLY1" spans="-1~-1" text=""  />
<Wordplay id="WPLY2" spans="-1~-1" text=""  />
<Wordplay id="WPLY3" spans="-1~-1" text=""  />
<Wordplay id="WPLY4" spans="-1~-1" text=""  />
<Wordplay id="WPLY5" spans="-1~-1" text=""  />
<Wordplay id="WPLY6" spans="-1~-1" text=""  />
<Wordplay id="WPLY7" spans="-1~-1" text=""  />
<Wordplay id="WPLY8" spans="-1~-1" text=""  />
<Wordplay id="WPLY9" spans="-1~-1" text=""  />
<Wordplay id="WPLY10" spans="-1~-1" text=""  />
<Wordplay id="WPLY11" spans="-1~-1" text=""  />
<Wordplay id="WPLY12" spans="-1~-1" text=""  />
<Wordplay id="WPLY13" spans="-1~-1" text=""  />
<Wordplay id="WPLY14" spans="-1~-1" text=""  />
<Wordplay id="WPLY15" spans="-1~-1" text=""  />
<Wordplay id="WPLY16" spans="-1~-1" text=""  />
<Wordplay id="WPLY17" spans="-1~-1" text=""  />
<Wordplay id="WPLY18" spans="-1~-1" text=""  />
<Wordplay id="WPLY19" spans="-1~-1" text=""  />
<Wordplay id="WPLY20" spans="-1~-1" text=""  />
<Wordplay id="WPLY21" spans="-1~-1" text=""  />
<Wordplay id="WPLY22" spans="-1~-1" text=""  />
<Wordplay id="WPLY23" spans="-1~-1" text=""  />
<Wordplay id="WPLY24" spans="-1~-1" text=""  />
<Wordplay id="WPLY25" spans="-1~-1" text=""  />
<Wordplay id="WPLY26" spans="-1~-1" text=""  />
<Wordplay id="WPLY27" spans="-1~-1" text=""  />
<Wordplay id="WPLY28" spans="-1~-1" text=""  />
<Wordplay id="WPLY29" spans="-1~-1" text=""  />
<Wordplay id="WPLY30" spans="-1~-1" text=""  />
<Wordplay id="WPLY31" spans="-1~-1" text=""  />
<Wordplay id="WPLY32" spans="-1~-1" text=""  />
<Wordplay id="WPLY33" spans="-1~-1" text=""  />
<Wordplay id="WPLY34" spans="-1~-1" text=""  />
<Wordplay id="WPLY35" spans="-1~-1" text=""  />
<Wordplay id="WPLY36" spans="-1~-1" text=""  />
<Wordplay id="WPLY37" spans="-1~-1" text=""  />
<Wordplay id="WPLY38" spans="-1~-1" text=""  />
<Wordplay id="WPLY39" spans="-1~-1" text=""  />
<Wordplay id="WPLY40" spans="-1~-1" text=""  />
<Wordplay id="WPLY41" spans="-1~-1" text=""  />
<Wordplay id="WPLY42" spans="-1~-1" text=""  />
<Vulgarity id="VLGR0" spans="-1~-1" text=""  />
<Other id="OTHR0" spans="-1~-1" text=""  />
<Not_Humor id="NHMR0" spans="-1~-1" text=""  />
<Not_Humor id="NHMR1" spans="-1~-1" text=""  />
<Humor id="H0" fromID="tweet0" fromText="649788514066821120" toID="OBSV0" toText="" />
<Humor id="H1" fromID="tweet0" fromText="649788514066821120" toID="WPLY0" toText="" />
<Humor id="H2" fromID="tweet1" fromText="650046929045450753" toID="OBSV1" toText="" />
<Humor id="H3" fromID="tweet2" fromText="650067587267710976" toID="OBSV2" toText="" />
<Humor id="H4" fromID="tweet3" fromText="650065349673529344" toID="OBSV3" toText="" />
<Humor id="H5" fromID="tweet4" fromText="650042186264805376" toID="OBSV4" toText="" />
<Humor id="H6" fromID="tweet4" fromText="650042186264805376" toID="WPLY1" toText="" />
<Humor id="H7" fromID="tweet5" fromText="650049315012935680" toID="OBSV5" toText="" />
<Humor id="H8" fromID="tweet5" fromText="650049315012935680" toID="WPLY2" toText="" />
<Humor id="H9" fromID="tweet6" fromText="650060274901192704" toID="OBSV6" toText="" />
<Humor id="H10" fromID="tweet6" fromText="650060274901192704" toID="WPLY3" toText="" />
<Humor id="H11" fromID="tweet7" fromText="650040780074016768" toID="OBSV7" toText="" />
<Humor id="H12" fromID="tweet7" fromText="650040780074016768" toID="WPLY4" toText="" />
<Humor id="H13" fromID="tweet8" fromText="650063957760212992" toID="OBSV8" toText="" />
<Humor id="H14" fromID="tweet8" fromText="650063957760212992" toID="WPLY5" toText="" />
<Humor id="H15" fromID="tweet9" fromText="650027328404217856" toID="OBSV9" toText="" />
<Humor id="H16" fromID="tweet9" fromText="650027328404217856" toID="WPLY6" toText="" />
<Humor id="H17" fromID="tweet10" fromText="650039776414863360" toID="OBSV10" toText="" />
<Humor id="H18" fromID="tweet10" fromText="650039776414863360" toID="WPLY7" toText="" />
<Humor id="H19" fromID="tweet11" fromText="650050023997108224" toID="OBSV11" toText="" />
<Humor id="H20" fromID="tweet12" fromText="650064857941733376" toID="WPLY8" toText="" />
<Humor id="H21" fromID="tweet12" fromText="650064857941733376" toID="OBSV12" toText="" />
<Humor id="H22" fromID="tweet13" fromText="650041642448064512" toID="OBSV13" toText="" />
<Humor id="H23" fromID="tweet13" fromText="650041642448064512" toID="WPLY9" toText="" />
<Humor id="H24" fromID="tweet14" fromText="650059269304393728" toID="NHMR0" toText="" />
<Humor id="H25" fromID="tweet15" fromText="650048983973236736" toID="OBSV14" toText="" />
<Humor id="H26" fromID="tweet15" fromText="650048983973236736" toID="WPLY10" toText="" />
<Humor id="H27" fromID="tweet16" fromText="650028792686223360" toID="OBSV15" toText="" />
<Humor id="H28" fromID="tweet16" fromText="650028792686223360" toID="WPLY11" toText="" />
<Humor id="H29" fromID="tweet17" fromText="650047447213953024" toID="OBSV16" toText="" />
<Humor id="H30" fromID="tweet17" fromText="650047447213953024" toID="WPLY12" toText="" />
<Humor id="H31" fromID="tweet18" fromText="649791075574530048" toID="OBSV17" toText="" />
<Humor id="H32" fromID="tweet18" fromText="649791075574530048" toID="WPLY13" toText="" />
<Humor id="H33" fromID="tweet19" fromText="650048700769697792" toID="OBSV18" toText="" />
<Humor id="H34" fromID="tweet20" fromText="649789053240410112" toID="OBSV19" toText="" />
<Humor id="H35" fromID="tweet21" fromText="649788724495060992" toID="OBSV20" toText="" />
<Humor id="H36" fromID="tweet21" fromText="649788724495060992" toID="WPLY14" toText="" />
<Humor id="H37" fromID="tweet22" fromText="650050568375955457" toID="OBSV21" toText="" />
<Humor id="H38" fromID="tweet23" fromText="650071130905055232" toID="OBSV22" toText="" />
<Humor id="H39" fromID="tweet23" fromText="650071130905055232" toID="WPLY15" toText="" />
<Humor id="H40" fromID="tweet24" fromText="650060831707676673" toID="OBSV23" toText="" />
<Humor id="H41" fromID="tweet24" fromText="650060831707676673" toID="WPLY16" toText="" />
<Humor id="H42" fromID="tweet25" fromText="650028445645283329" toID="OBSV24" toText="" />
<Humor id="H43" fromID="tweet26" fromText="650032483006869504" toID="OBSV25" toText="" />
<Humor id="H44" fromID="tweet26" fromText="650032483006869504" toID="WPLY17" toText="" />
<Humor id="H45" fromID="tweet27" fromText="650025546064072704" toID="OBSV26" toText="" />
<Humor id="H46" fromID="tweet28" fromText="650032125241110528" toID="NHMR1" toText="" />
<Humor id="H47" fromID="tweet29" fromText="650044358713077760" toID="OBSV27" toText="" />
<Humor id="H48" fromID="tweet29" fromText="650044358713077760" toID="WPLY18" toText="" />
<Humor id="H49" fromID="tweet30" fromText="650045360463712256" toID="WPLY19" toText="" />
<Humor id="H50" fromID="tweet30" fromText="650045360463712256" toID="OBSV28" toText="" />
<Humor id="H51" fromID="tweet31" fromText="650065425045131266" toID="OBSV29" toText="" />
<Humor id="H52" fromID="tweet32" fromText="650059569364774913" toID="OBSV30" toText="" />
<Humor id="H53" fromID="tweet32" fromText="650059569364774913" toID="WPLY20" toText="" />
<Humor id="H54" fromID="tweet33" fromText="650068745466064897" toID="OBSV31" toText="" />
<Humor id="H55" fromID="tweet34" fromText="650051382788100096" toID="OBSV32" toText="" />
<Humor id="H56" fromID="tweet34" fromText="650051382788100096" toID="WPLY21" toText="" />
<Humor id="H57" fromID="tweet35" fromText="650059866619297792" toID="OBSV33" toText="" />
<Humor id="H58" fromID="tweet35" fromText="650059866619297792" toID="WPLY22" toText="" />
<Humor id="H59" fromID="tweet36" fromText="650029430530834432" toID="OBSV34" toText="" />
<Humor id="H60" fromID="tweet36" fromText="650029430530834432" toID="VLGR0" toText="" />
<Humor id="H61" fromID="tweet37" fromText="650056860431609856" toID="OBSV35" toText="" />
<Humor id="H62" fromID="tweet37" fromText="650056860431609856" toID="WPLY23" toText="" />
<Humor id="H63" fromID="tweet38" fromText="650067147289333760" toID="OBSV36" toText="" />
<Humor id="H64" fromID="tweet38" fromText="650067147289333760" toID="WPLY24" toText="" />
<Humor id="H65" fromID="tweet39" fromText="650038281162219520" toID="WPLY25" toText="" />
<Humor id="H66" fromID="tweet39" fromText="650038281162219520" toID="OBSV37" toText="" />
<Humor id="H67" fromID="tweet40" fromText="650072973857067009" toID="OBSV38" toText="" />
<Humor id="H68" fromID="tweet40" fromText="650072973857067009" toID="WPLY26" toText="" />
<Humor id="H69" fromID="tweet41" fromText="650061314925166592" toID="OBSV39" toText="" />
<Humor id="H70" fromID="tweet41" fromText="650061314925166592" toID="WPLY27" toText="" />
<Humor id="H71" fromID="tweet41" fromText="650061314925166592" toID="OTHR0" toText="" />
<Humor id="H72" fromID="tweet42" fromText="649791440537518080" toID="OBSV40" toText="" />
<Humor id="H73" fromID="tweet42" fromText="649791440537518080" toID="WPLY28" toText="" />
<Humor id="H74" fromID="tweet43" fromText="649820085595455488" toID="OBSV41" toText="" />
<Humor id="H75" fromID="tweet43" fromText="649820085595455488" toID="WPLY29" toText="" />
<Humor id="H76" fromID="tweet44" fromText="650041487560863744" toID="OBSV42" toText="" />
<Humor id="H77" fromID="tweet44" fromText="650041487560863744" toID="WPLY30" toText="" />
<Humor id="H78" fromID="tweet45" fromText="650040342872326144" toID="OBSV43" toText="" />
<Humor id="H79" fromID="tweet45" fromText="650040342872326144" toID="WPLY31" toText="" />
<Humor id="H80" fromID="tweet46" fromText="650073228929425408" toID="OBSV44" toText="" />
<Humor id="H81" fromID="tweet46" fromText="650073228929425408" toID="WPLY32" toText="" />
<Humor id="H82" fromID="tweet47" fromText="649794037113819136" toID="OBSV45" toText="" />
<Humor id="H83" fromID="tweet47" fromText="649794037113819136" toID="WPLY33" toText="" />
<Humor id="H84" fromID="tweet48" fromText="650047715854929920" toID="OBSV46" toText="" />
<Humor id="H85" fromID="tweet48" fromText="650047715854929920" toID="WPLY34" toText="" />
<Humor id="H86" fromID="tweet49" fromText="650064126257991680" toID="OBSV47" toText="" />
<Humor id="H87" fromID="tweet49" fromText="650064126257991680" toID="WPLY35" toText="" />
<Humor id="H88" fromID="tweet50" fromText="650049753003126784" toID="OBSV48" toText="" />
<Humor id="H89" fromID="tweet50" fromText="650049753003126784" toID="WPLY36" toText="" />
<Humor id="H90" fromID="tweet51" fromText="650067389422379008" toID="OBSV49" toText="" />
<Humor id="H91" fromID="tweet51" fromText="650067389422379008" toID="WPLY37" toText="" />
<Humor id="H92" fromID="tweet52" fromText="650073698930696192" toID="OBSV50" toText="" />
<Humor id="H93" fromID="tweet53" fromText="650040278238130176" toID="OBSV51" toText="" />
<Humor id="H94" fromID="tweet53" fromText="650040278238130176" toID="WPLY38" toText="" />
<Humor id="H95" fromID="tweet54" fromText="650045645282107392" toID="OBSV52" toText="" />
<Humor id="H96" fromID="tweet54" fromText="650045645282107392" toID="WPLY39" toText="" />
<Humor id="H97" fromID="tweet55" fromText="650063694731177984" toID="OBSV53" toText="" />
<Humor id="H98" fromID="tweet56" fromText="650064285570199552" toID="OBSV54" toText="" />
<Humor id="H99" fromID="tweet56" fromText="650064285570199552" toID="WPLY40" toText="" />
<Humor id="H100" fromID="tweet57" fromText="649793019705737216" toID="OBSV55" toText="" />
<Humor id="H101" fromID="tweet57" fromText="649793019705737216" toID="WPLY41" toText="" />
<Humor id="H102" fromID="tweet58" fromText="650030503823708160" toID="WPLY42" toText="" />
<Humor id="H103" fromID="tweet58" fromText="650030503823708160" toID="OBSV56" toText="" />
</TAGS>
</Humor_Annotation_COSI140_v1.0.1>